1.000000000000000000e+00,4.089468403804344954e-01,1.073871832915862662e-01,3.109010822319516754e-01,2.662955355893783516e-01,2.246308619477432045e-01,6.875529974577455211e-03,1.237353842291374489e-01,3.404849545534402999e-01,2.316794229402975858e-01,1.568894950934838217e-01,5.593397054464398221e-02,-3.468646754293191331e-02,1.348928377439637116e-01,4.411604162062831014e-01,-2.714454834991411949e-02,1.231184462692702097e-01,3.042426213363837173e-02,6.400732883306370358e-02,3.651227137968619807e-02,7.122494435949879021e-02,2.161306143828029547e-01,3.162857515462542124e-01,-4.058658201327487725e-02,8.232325711869370455e-02,6.196314395942807002e-02,6.223273423961759448e-02,3.239542502409160224e-02,1.297115121688260098e-01,6.489659017786846007e-02
4.089468403804344954e-01,1.000000000000000222e+00,2.558991042584621844e-01,3.531139704662109580e-01,4.785428998583501903e-01,4.333581769768114489e-01,2.556023617733454989e-01,4.169970548357258555e-01,4.923624762540036448e-01,5.642314057228743351e-01,3.937915497856004365e-01,2.069922909009127843e-01,2.210824843498198633e-01,3.180225880770711222e-01,4.320797846629482741e-01,2.787310448350506786e-01,3.454330789701546278e-01,2.469481976267912104e-01,1.655968251616288800e-01,1.366121070489098310e-01,1.150250185135842235e-01,4.013869008222024082e-01,5.454559104403711167e-01,6.327770178827248071e-02,3.682698204805592845e-01,1.646651026299442155e-01,1.572332684239895473e-01,2.699787719939657493e-01,2.976585794384419281e-01,2.334263648598791097e-01
4.411604162062831014e-01,4.320797846629482741e-01,3.052208528354014572e-01,1.783280491062636808e-01,3.455347422855110651e-01,3.996245745903047042e-01,2.370639996231063973e-01,2.835548971005547036e-01,3.536797788585722691e-01,2.429075106247559901e-01,3.588971519650734354e-01,3.346853754665566338e-01,3.220254561646618274e-01,2.443398122109854131e-01,9.999999999999998890e-01,3.453927394927677197e-01,5.043749769380445613e-01,3.638740470965674545e-01,4.349454250593590698e-01,3.218947413460082618e-01,3.337142839676624506e-01,2.620701985761903496e-01,3.443224025584735171e-01,1.419352775936494893e-01,3.905249534518486776e-01,4.060420257875608230e-01,2.109731201937105338e-01,5.123218434727093706e-01,3.770393125388862843e-01,3.011314154346668159e-01
6.223273423961759448e-02,1.572332684239895473e-01,2.703246589675582512e-01,2.190484651108905723e-01,2.485113830180146755e-01,3.119383338407099582e-01,9.009082448570029933e-02,1.943917055102326041e-01,3.187996273681111270e-01,1.610061185899505365e-01,4.204095749616271749e-01,1.606912912664653359e-01,2.758941997099871313e-01,1.677922290344741885e-01,2.109731201937105338e-01,4.728444972081857767e-01,3.152881909851697473e-01,2.148477337740771764e-01,2.078403092032114208e-01,9.009604300544474254e-02,3.487946502454467579e-01,1.401537589304071574e-01,3.007425982481158333e-01,9.216529041923446353e-02,1.894940215585951548e-01,4.958505658519686277e-01,1.000000000000000000e+00,3.366002826750174037e-01,2.855753937667770970e-01,2.107926808554378140e-01
1.073871832915862662e-01,2.558991042584621844e-01,9.999999999999997780e-01,2.227606293952317795e-01,3.512313205547031858e-01,5.809708843195262595e-01,5.452766429659704484e-01,3.728406782226709737e-01,3.192216265508365791e-01,1.676680794031377986e-01,4.163633437849131314e-01,3.124957760163421527e-01,3.115501293604656108e-01,3.337252126627521798e-01,3.052208528354014572e-01,2.157365086307816149e-01,3.102240961047935119e-01,2.813214979420284867e-01,1.472036931059778342e-01,4.990863243006089522e-01,4.237887233946818766e-01,2.305559218164690005e-01,2.830740631054495249e-01,1.976707802719951945e-01,4.467145108674137610e-01,3.974177046806386393e-01,2.703246589675582512e-01,3.327519440547447305e-01,5.091129641105829329e-01,1.596280258125694906e-01
3.109010822319516754e-01,3.531139704662109580e-01,2.227606293952317795e-01,1.000000000000000222e+00,3.507243290615342235e-01,4.445269950742434251e-01,1.927639189083229510e-01,1.653324496016030654e-01,5.384440951876900971e-01,5.765328638154294527e-01,2.394600799962451620e-01,-2.633629054234838326e-02,4.904094054711672507e-02,8.285720363503331631e-01,1.783280491062636808e-01,2.200622519795036591e-01,2.227892002884722666e-01,3.983896720587908058e-02,3.015796424379243307e-02,1.365555364489491885e-01,4.632856866455269951e-01,6.116584783206142628e-01,3.182812690758029528e-01,-1.697661319459197252e-02,1.417672985173386579e-01,4.016413322949283771e-01,2.190484651108905723e-01,1.548365873571219964e-01,4.061926504945325700e-01,1.334279456883281645e-01
6.196314395942807002e-02,1.646651026299442155e-01,3.974177046806386393e-01,4.016413322949283771e-01,2.905159176308302338e-01,4.274178070766072590e-01,3.343253908662494056e-01,3.485536709895381557e-01,4.118484829512629730e-01,2.187598833992755176e-01,4.639773522837377095e-01,5.116177465392720558e-01,5.280851946474038883e-01,4.483543660865434988e-01,4.060420257875608230e-01,5.607745249599851434e-01,6.681191078661471439e-01,5.244024492242399527e-01,6.267051725789136718e-01,4.020730878816509146e-01,7.980684910259613352e-01,2.550048643915196478e-01,2.402731079642375644e-01,4.198002049369957134e-01,4.162023164737300718e-01,1.000000000000000000e+00,4.958505658519686277e-01,5.322822881031317177e-01,5.727600875987319817e-01,4.942774809231296751e-01
2.662955355893783516e-01,4.785428998583501903e-01,3.512313205547031858e-01,3.507243290615342235e-01,9.999999999999998890e-01,5.237896804183214128e-01,3.955499012969825312e-01,5.102733493152227240e-01,4.372693072896062239e-01,3.807054121657396095e-01,4.409183335243653246e-01,3.834946110075338477e-01,3.199835867750365770e-01,3.008405695768868182e-01,3.455347422855110651e-01,2.451998471116459410e-01,4.315487265101946024e-01,3.958809837836820833e-01,2.344477920679716720e-01,3.752231996909259903e-01,3.048495280787707484e-01,1.931707295972744931e-01,4.407870311673630082e-01,2.455303337066719327e-01,4.520985015381457917e-01,2.905159176308302338e-01,2.485113830180146755e-01,2.111384181221918066e-01,3.768025500375561387e-01,2.674253743735340305e-01
3.651227137968619807e-02,1.366121070489098310e-01,4.990863243006089522e-01,1.365555364489491885e-01,3.752231996909259903e-01,4.359372894233172757e-01,7.294910319704355217e-01,3.661206562243639606e-01,2.735635160044274095e-01,8.106972228969822059e-02,3.151514725589930066e-01,5.995896869133829910e-01,5.667886691448342784e-01,2.512864423032233341e-01,3.218947413460082618e-01,3.720878599631426420e-01,4.262600612026398172e-01,5.217705016059986933e-01,4.591897913500758710e-01,1.000000000000000000e+00,4.964161077437382885e-01,1.566848822948761211e-01,2.802867927567752049e-01,4.914331041026788194e-01,4.199330478000874445e-01,4.020730878816509146e-01,9.009604300544474254e-02,3.717038547468849430e-01,6.109472596267727651e-01,3.694899831292528525e-01
1.297115121688260098e-01,2.976585794384419281e-01,5.091129641105829329e-01,4.061926504945325700e-01,3.768025500375561387e-01,7.976494953057928772e-01,4.725349444203750249e-01,3.019273524159130084e-01,4.750909407697472830e-01,2.502785330246088402e-01,4.368657668781230075e-01,3.561722450214472868e-01,4.880591870370320495e-01,5.120942482181800592e-01,3.770393125388862843e-01,3.591039108064427721e-01,4.468226680936132067e-01,3.415079968396732002e-01,3.403990241031610298e-01,6.109472596267727651e-01,7.283622676646758221e-01,3.892370698161790599e-01,4.694643110281892517e-01,2.413548377133520884e-01,2.975366707690106916e-01,5.727600875987319817e-01,2.855753937667770970e-01,4.811204988368597002e-01,1.000000000000000000e+00,3.880746457324883436e-01
2.246308619477432045e-01,4.333581769768114489e-01,5.809708843195262595e-01,4.445269950742434251e-01,5.237896804183214128e-01,9.999999999999998890e-01,6.204785542958625166e-01,4.351432260607840385e-01,4.810782170886191977e-01,3.610099500804143657e-01,5.291775697455982641e-01,2.680501025375786606e-01,2.857380323351246254e-01,5.201884544620615225e-01,3.996245745903047042e-01,2.740174445316179708e-01,3.349035621359135462e-01,2.878512223886061649e-01,1.398499729929016389e-01,4.359372894233172757e-01,4.934629837247750950e-01,3.952805730049667177e-01,4.707959690249864937e-01,1.878749120157832408e-01,3.590919674106756720e-01,4.274178070766072590e-01,3.119383338407099582e-01,3.728288853559745819e-01,7.976494953057928772e-01,3.017294769413300659e-01
7.122494435949879021e-02,1.150250185135842235e-01,4.237887233946818766e-01,4.632856866455269951e-01,3.048495280787707484e-01,4.934629837247750950e-01,3.402273299667707973e-01,2.701054472008346252e-01,4.782669074082079308e-01,1.506496355903965134e-01,3.165819903711832861e-01,3.774314695066617320e-01,4.435396778343290713e-01,5.317485966141737297e-01,3.337142839676624506e-01,3.981143681283720315e-01,4.790595396354019875e-01,3.466095095928965475e-01,4.666453532835968532e-01,4.964161077437382885e-01,9.999999999999997780e-01,2.337772249589765705e-01,1.983416782167366221e-01,2.633125787800395523e-01,3.057908502575302778e-01,7.980684910259613352e-01,3.487946502454467579e-01,4.341003684926623141e-01,7.283622676646758221e-01,4.948357017903247668e-01
6.875529974577455211e-03,2.556023617733454989e-01,5.452766429659704484e-01,1.927639189083229510e-01,3.955499012969825312e-01,6.204785542958625166e-01,1.000000000000000000e+00,4.569957171002358431e-01,2.954546425481291427e-01,1.734922959884782623e-01,4.170346616872765977e-01,4.121063034204887066e-01,3.363286753965738507e-01,3.079727667383907463e-01,2.370639996231063973e-01,2.835473267538233810e-01,2.932720813436534568e-01,4.342591175848964369e-01,2.523459115218281701e-01,7.294910319704355217e-01,3.402273299667707973e-01,2.605838440072405504e-01,3.673097555432499606e-01,4.380938675962698925e-01,4.752138000609958945e-01,3.343253908662494056e-01,9.009082448570029933e-02,2.144781018805293205e-01,4.725349444203750249e-01,2.208893288092702301e-01
-2.714454834991411949e-02,2.787310448350506786e-01,2.157365086307816149e-01,2.200622519795036591e-01,2.451998471116459410e-01,2.740174445316179708e-01,2.835473267538233810e-01,3.295116120256122993e-01,2.626546952519673295e-01,1.457817312847822233e-01,5.208476533420935972e-01,4.607925582738785497e-01,6.139492141743918552e-01,2.443799462765657293e-01,3.453927394927677197e-01,9.999999999999998890e-01,5.995877735202824743e-01,5.373726827481237756e-01,5.335929789438077497e-01,3.720878599631426420e-01,3.981143681283720315e-01,2.273685068154019107e-01,3.040836946926008810e-01,4.232872169902284210e-01,3.766983577897460300e-01,5.607745249599851434e-01,4.728444972081857767e-01,4.696997458420801852e-01,3.591039108064427721e-01,4.293106648480069509e-01
8.232325711869370455e-02,3.682698204805592845e-01,4.467145108674137610e-01,1.417672985173386579e-01,4.520985015381457917e-01,3.590919674106756720e-01,4.752138000609958945e-01,8.554231327691809161e-01,2.024575592717782480e-01,2.654305001806312458e-01,4.410073032387084035e-01,5.152442782837164392e-01,3.697131888493943030e-01,2.233042658117993517e-01,3.905249534518486776e-01,3.766983577897460300e-01,5.182516434679038664e-01,5.117383776773869464e-01,3.948673659170204298e-01,4.199330478000874445e-01,3.057908502575302778e-01,1.858902812575327357e-01,2.090874463089056057e-01,4.788762334895029227e-01,9.999999999999998890e-01,4.162023164737300718e-01,1.894940215585951548e-01,3.013031533333440648e-01,2.975366707690106916e-01,2.859279414178972356e-01
1.237353842291374489e-01,4.169970548357258555e-01,3.728406782226709737e-01,1.653324496016030654e-01,5.102733493152227240e-01,4.351432260607840385e-01,4.569957171002358431e-01,1.000000000000000222e+00,2.680516889954864812e-01,2.978760547562575023e-01,4.860612710067512832e-01,4.700070696433497064e-01,3.655862472995989876e-01,2.150051820496644839e-01,2.835548971005547036e-01,3.295116120256122993e-01,4.241290236195169316e-01,5.022267434891135585e-01,3.502358659832676691e-01,3.661206562243639606e-01,2.701054472008346252e-01,1.521851502152333502e-01,2.718509322023420216e-01,4.452341636491285448e-01,8.554231327691809161e-01,3.485536709895381557e-01,1.943917055102326041e-01,2.664052602467890107e-01,3.019273524159130084e-01,2.508569319947436260e-01
-4.058658201327487725e-02,6.327770178827248071e-02,1.976707802719951945e-01,-1.697661319459197252e-02,2.455303337066719327e-01,1.878749120157832408e-01,4.380938675962698925e-01,4.452341636491285448e-01,1.044334556913184900e-02,-5.166643074419626641e-02,2.615284477150345288e-01,7.539596204179226380e-01,4.950884592306867282e-01,6.898970702061900384e-02,1.419352775936494893e-01,4.232872169902284210e-01,5.860529507499904200e-01,7.752438275990077843e-01,6.223194411439024742e-01,4.914331041026788194e-01,2.633125787800395523e-01,-6.548312376840115245e-02,5.886140437012814253e-02,1.000000000000000222e+00,4.788762334895029227e-01,4.198002049369957134e-01,9.216529041923446353e-02,4.230313096045488774e-01,2.413548377133520884e-01,5.219829299569971326e-01
6.400732883306370358e-02,1.655968251616288800e-01,1.472036931059778342e-01,3.015796424379243307e-02,2.344477920679716720e-01,1.398499729929016389e-01,2.523459115218281701e-01,3.502358659832676691e-01,1.391716951440651329e-01,7.008836765112377853e-02,3.544386471155358542e-01,7.304971359253389362e-01,6.667100240117134202e-01,6.327027868129866950e-02,4.349454250593590698e-01,5.335929789438077497e-01,7.271174094114064568e-01,7.578340514745425249e-01,9.999999999999998890e-01,4.591897913500758710e-01,4.666453532835968532e-01,-8.532366461122438406e-03,1.208741039028870257e-01,6.223194411439024742e-01,3.948673659170204298e-01,6.267051725789136718e-01,2.078403092032114208e-01,6.677805185746410466e-01,3.403990241031610298e-01,5.481785213564930315e-01
3.239542502409160224e-02,2.699787719939657493e-01,3.327519440547447305e-01,1.548365873571219964e-01,2.111384181221918066e-01,3.728288853559745819e-01,2.144781018805293205e-01,2.664052602467890107e-01,2.150433166313869826e-01,2.522039106786786999e-01,2.935004624734132705e-01,5.593754663711307806e-01,4.844466878753687644e-01,2.468809092707015540e-01,5.123218434727093706e-01,4.696997458420801852e-01,6.767151645323402631e-01,6.328893886508595301e-01,6.677805185746410466e-01,3.717038547468849430e-01,4.341003684926623141e-01,2.051090384807870148e-01,2.527784349304678102e-01,4.230313096045488774e-01,3.013031533333440648e-01,5.322822881031317177e-01,3.366002826750174037e-01,1.000000000000000000e+00,4.811204988368597002e-01,4.553464679586510244e-01
-3.468646754293191331e-02,2.210824843498198633e-01,3.115501293604656108e-01,4.904094054711672507e-02,3.199835867750365770e-01,2.857380323351246254e-01,3.363286753965738507e-01,3.655862472995989876e-01,2.432353245155301769e-01,2.084833430772681240e-02,7.215070388762420128e-01,5.655296342892901507e-01,9.999999999999998890e-01,1.414690820164663243e-01,3.220254561646618274e-01,6.139492141743918552e-01,6.112713329744589030e-01,5.859774440748055646e-01,6.667100240117134202e-01,5.667886691448342784e-01,4.435396778343290713e-01,1.285486795488655631e-01,3.780367306164075791e-01,4.950884592306867282e-01,3.697131888493943030e-01,5.280851946474038883e-01,2.758941997099871313e-01,4.844466878753687644e-01,4.880591870370320495e-01,5.026437993180407071e-01
3.042426213363837173e-02,2.469481976267912104e-01,2.813214979420284867e-01,3.983896720587908058e-02,3.958809837836820833e-01,2.878512223886061649e-01,4.342591175848964369e-01,5.022267434891135585e-01,1.921940779848610448e-01,1.496024719852018514e-01,4.213699553935481568e-01,8.793436007427795076e-01,5.859774440748055646e-01,1.304209326017589654e-01,3.638740470965674545e-01,5.373726827481237756e-01,7.782453525113397497e-01,1.000000000000000444e+00,7.578340514745425249e-01,5.217705016059986933e-01,3.466095095928965475e-01,6.458983662074266330e-02,2.202346136115686526e-01,7.752438275990077843e-01,5.117383776773869464e-01,5.244024492242399527e-01,2.148477337740771764e-01,6.328893886508595301e-01,3.415079968396732002e-01,5.362970310749861635e-01
5.593397054464398221e-02,2.069922909009127843e-01,3.124957760163421527e-01,-2.633629054234838326e-02,3.834946110075338477e-01,2.680501025375786606e-01,4.121063034204887066e-01,4.700070696433497064e-01,1.321812656282181087e-01,5.714491442798393800e-02,3.303009976408177728e-01,1.000000000000000000e+00,5.655296342892901507e-01,6.681614472717284370e-02,3.346853754665566338e-01,4.607925582738785497e-01,7.146652128096332435e-01,8.793436007427795076e-01,7.304971359253389362e-01,5.995896869133829910e-01,3.774314695066617320e-01,-4.954231922709807778e-03,1.627903395491154259e-01,7.539596204179226380e-01,5.152442782837164392e-01,5.116177465392720558e-01,1.606912912664653359e-01,5.593754663711307806e-01,3.561722450214472868e-01,5.113614058978225296e-01
1.568894950934838217e-01,3.937915497856004365e-01,4.163633437849131314e-01,2.394600799962451620e-01,4.409183335243653246e-01,5.291775697455982641e-01,4.170346616872765977e-01,4.860612710067512832e-01,3.661799695235088969e-01,2.513669375217610358e-01,1.000000000000000222e+00,3.303009976408177728e-01,7.215070388762420128e-01,3.019877337367880554e-01,3.588971519650734354e-01,5.208476533420935972e-01,4.645853928831317203e-01,4.213699553935481568e-01,3.544386471155358542e-01,3.151514725589930066e-01,3.165819903711832861e-01,3.145721180729427746e-01,5.052548689336626708e-01,2.615284477150345288e-01,4.410073032387084035e-01,4.639773522837377095e-01,4.204095749616271749e-01,2.935004624734132705e-01,4.368657668781230075e-01,3.284346119417673737e-01
3.162857515462542124e-01,5.454559104403711167e-01,2.830740631054495249e-01,3.182812690758029528e-01,4.407870311673630082e-01,4.707959690249864937e-01,3.673097555432499606e-01,2.718509322023420216e-01,4.947592158663513540e-01,3.316074405198318753e-01,5.052548689336626708e-01,1.627903395491154259e-01,3.780367306164075791e-01,2.874587813039582995e-01,3.443224025584735171e-01,3.040836946926008810e-01,2.935743912975641301e-01,2.202346136115686526e-01,1.208741039028870257e-01,2.802867927567752049e-01,1.983416782167366221e-01,5.773637803556044279e-01,1.000000000000000222e+00,5.886140437012814253e-02,2.090874463089056057e-01,2.402731079642375644e-01,3.007425982481158333e-01,2.527784349304678102e-01,4.694643110281892517e-01,1.564435108172483047e-01
1.231184462692702097e-01,3.454330789701546278e-01,3.102240961047935119e-01,2.227892002884722666e-01,4.315487265101946024e-01,3.349035621359135462e-01,2.932720813436534568e-01,4.241290236195169316e-01,3.327378020165182027e-01,2.682174355459869819e-01,4.645853928831317203e-01,7.146652128096332435e-01,6.112713329744589030e-01,2.707736279281360847e-01,5.043749769380445613e-01,5.995877735202824743e-01,1.000000000000000000e+00,7.782453525113397497e-01,7.271174094114064568e-01,4.262600612026398172e-01,4.790595396354019875e-01,2.624130876924525846e-01,2.935743912975641301e-01,5.860529507499904200e-01,5.182516434679038664e-01,6.681191078661471439e-01,3.152881909851697473e-01,6.767151645323402631e-01,4.468226680936132067e-01,5.791734854848245018e-01
6.489659017786846007e-02,2.334263648598791097e-01,1.596280258125694906e-01,1.334279456883281645e-01,2.674253743735340305e-01,3.017294769413300659e-01,2.208893288092702301e-01,2.508569319947436260e-01,3.898675942468894928e-01,8.641139508036023431e-02,3.284346119417673737e-01,5.113614058978225296e-01,5.026437993180407071e-01,1.553430361181929731e-01,3.011314154346668159e-01,4.293106648480069509e-01,5.791734854848245018e-01,5.362970310749861635e-01,5.481785213564930315e-01,3.694899831292528525e-01,4.948357017903247668e-01,1.063418823574851235e-01,1.564435108172483047e-01,5.219829299569971326e-01,2.859279414178972356e-01,4.942774809231296751e-01,2.107926808554378140e-01,4.553464679586510244e-01,3.880746457324883436e-01,1.000000000000000000e+00
1.348928377439637116e-01,3.180225880770711222e-01,3.337252126627521798e-01,8.285720363503331631e-01,3.008405695768868182e-01,5.201884544620615225e-01,3.079727667383907463e-01,2.150051820496644839e-01,4.943287801603720166e-01,4.742044668669091467e-01,3.019877337367880554e-01,6.681614472717284370e-02,1.414690820164663243e-01,1.000000000000000222e+00,2.443398122109854131e-01,2.443799462765657293e-01,2.707736279281360847e-01,1.304209326017589654e-01,6.327027868129866950e-02,2.512864423032233341e-01,5.317485966141737297e-01,5.586389928242081471e-01,2.874587813039582995e-01,6.898970702061900384e-02,2.233042658117993517e-01,4.483543660865434988e-01,1.677922290344741885e-01,2.468809092707015540e-01,5.120942482181800592e-01,1.553430361181929731e-01
3.404849545534402999e-01,4.923624762540036448e-01,3.192216265508365791e-01,5.384440951876900971e-01,4.372693072896062239e-01,4.810782170886191977e-01,2.954546425481291427e-01,2.680516889954864812e-01,1.000000000000000222e+00,3.790159544862891083e-01,3.661799695235088969e-01,1.321812656282181087e-01,2.432353245155301769e-01,4.943287801603720166e-01,3.536797788585722691e-01,2.626546952519673295e-01,3.327378020165182027e-01,1.921940779848610448e-01,1.391716951440651329e-01,2.735635160044274095e-01,4.782669074082079308e-01,5.048139269671453322e-01,4.947592158663513540e-01,1.044334556913184900e-02,2.024575592717782480e-01,4.118484829512629730e-01,3.187996273681111270e-01,2.150433166313869826e-01,4.750909407697472830e-01,3.898675942468894928e-01
2.161306143828029547e-01,4.013869008222024082e-01,2.305559218164690005e-01,6.116584783206142628e-01,1.931707295972744931e-01,3.952805730049667177e-01,2.605838440072405504e-01,1.521851502152333502e-01,5.048139269671453322e-01,5.476108933554262315e-01,3.145721180729427746e-01,-4.954231922709807778e-03,1.285486795488655631e-01,5.586389928242081471e-01,2.620701985761903496e-01,2.273685068154019107e-01,2.624130876924525846e-01,6.458983662074266330e-02,-8.532366461122438406e-03,1.566848822948761211e-01,2.337772249589765705e-01,1.000000000000000222e+00,5.773637803556044279e-01,-6.548312376840115245e-02,1.858902812575327357e-01,2.550048643915196478e-01,1.401537589304071574e-01,2.051090384807870148e-01,3.892370698161790599e-01,1.063418823574851235e-01
2.316794229402975858e-01,5.642314057228743351e-01,1.676680794031377986e-01,5.765328638154294527e-01,3.807054121657396095e-01,3.610099500804143657e-01,1.734922959884782623e-01,2.978760547562575023e-01,3.790159544862891083e-01,1.000000000000000000e+00,2.513669375217610358e-01,5.714491442798393800e-02,2.084833430772681240e-02,4.742044668669091467e-01,2.429075106247559901e-01,1.457817312847822233e-01,2.682174355459869819e-01,1.496024719852018514e-01,7.008836765112377853e-02,8.106972228969822059e-02,1.506496355903965134e-01,5.476108933554262315e-01,3.316074405198318753e-01,-5.166643074419626641e-02,2.654305001806312458e-01,2.187598833992755176e-01,1.610061185899505365e-01,2.522039106786786999e-01,2.502785330246088402e-01,8.641139508036023431e-02
1.339633698588496014e-01,1.426626092701256954e-01,7.440187629540917502e-02,4.086843806035710125e-02,1.774434538781382437e-03,-2.193034078768666892e-02,4.684719990361473074e-02,1.102785985145724248e-02,4.189151500911937609e-02,4.806590994713631770e-02,1.897447474959315650e-01,-5.358360469810413695e-02,5.081435184408572558e-02,-9.726706376275569624e-03,-1.179745743481744324e-02,7.932581529393906150e-02,1.443255929810971783e-01,8.362688954699767918e-02,1.426403881863232137e-02,-9.640698971519509608e-02,-1.657862360271765145e-01,6.837799462468169276e-02,1.576829319529270967e-01,-4.556230387205138094e-02,-2.372871799444034591e-02,1.003313814942847354e-02,1.530124609141682024e-01,8.308777045637669167e-02,-1.343425299466383671e-01,-1.806182830886751689e-01
1.043136574942469669e-01,-8.292962770314225851e-02,1.602087041883423213e-01,-7.434432350661339395e-02,-6.277938206407315813e-02,-1.150395524862509247e-02,-6.385133588148496353e-02,-9.443783807104819128e-02,-1.026061786543476170e-03,-2.254702093619681200e-02,6.955585745068094961e-02,2.771976762119957201e-03,1.085008641621077463e-01,-7.813180323650370518e-02,7.912922086351992582e-04,-7.201430600700593418e-03,5.283370974959426120e-02,9.201451765887309550e-03,9.183000339581208482e-02,-3.741224298238882140e-02,1.233179615107183880e-01,-7.472116206851149578e-02,-3.877541754685957104e-02,-4.733904703502939126e-02,-1.225345234850200582e-01,2.145141216036005050e-01,2.275748919137706439e-01,1.213460619957225234e-01,6.196781714737627754e-03,3.312850763844474647e-03
3.268933709924942005e-02,5.231570758563182377e-02,1.464048211619990991e-01,8.559221334535851988e-02,3.968298829773730940e-01,2.777640846478957593e-01,1.517434606393718299e-01,1.525342079018997543e-01,1.153230893505169385e-02,3.400195247284006766e-02,1.811325506912990213e-01,2.154257716801453310e-02,7.016905556674427058e-02,2.089305384011505562e-02,-2.222397188196508291e-02,2.099168361841020902e-02,6.384692263008747565e-03,1.921777769120302376e-02,-1.685664795264759097e-01,1.060019983039610508e-01,-1.265492864017458280e-02,7.047695657849867984e-03,2.363838819424157189e-01,1.349364295307543815e-02,1.509462289179903383e-01,-2.049413878832113955e-02,1.285993143360414648e-01,-4.875041990536599368e-02,1.738851317843733424e-01,-1.208824671092781217e-01
1.550683015468656833e-01,-1.113456850707984225e-01,-1.419916586381357870e-01,-5.596966790612882547e-02,-1.721807413391614194e-01,-9.625334248197348064e-02,-2.223413691957440430e-01,-1.767443329801155205e-01,-1.680556185722708040e-01,-1.006170893059964849e-01,-1.732467501240361196e-01,-1.434815812003468749e-01,-1.618777913234018262e-01,-1.124723892992263025e-01,1.322040581087106925e-02,-1.374168825302741204e-01,-9.096063564543091506e-02,-1.410249687682128827e-01,-1.366602034112315012e-01,-1.858636084467651106e-01,-1.364530601552484956e-01,-1.690371170550598323e-01,-1.468069977922844549e-01,-8.471758847078207644e-02,-1.561193391059848001e-01,-9.660444011021644684e-02,-8.341173134834571623e-02,-1.115509952066642829e-01,-1.183448171046189573e-01,-1.615511992931250307e-01
8.048123102059540068e-02,8.901616531518014019e-02,3.224050703104899274e-01,1.802583734103391927e-02,1.555159414655417904e-01,2.136547405326234550e-01,2.899200859330143265e-01,1.273401438892279025e-01,2.009407896898662491e-02,6.294469223760578228e-03,2.273643383996803990e-01,1.678353587859784390e-01,1.787919139436085214e-01,2.925508990785986169e-02,8.565098336703225179e-02,2.522226185918354652e-02,1.543068470954295779e-01,2.664184611715960105e-01,1.220062941163903292e-01,2.017339282661573530e-01,-1.219484062044064350e-02,5.024539815831947226e-02,2.232933588260006541e-01,1.003769421577048737e-01,1.839903816805415482e-01,6.022801889536108511e-02,4.276255791890581220e-02,2.068673196862312325e-01,1.231291260606814375e-01,-7.997284598450901671e-02
1.010997021460969675e-01,1.036954687680367582e-01,1.504671599491317069e-01,-4.761004852363065476e-02,3.638515397798101902e-02,1.207812228468000404e-01,1.239040592323661233e-01,4.555918114784436590e-02,6.417091307695108049e-02,-1.004746165824653842e-01,-2.444790973996544686e-02,1.212705486247248471e-01,7.530616677103656176e-02,-6.832946485170633688e-02,1.316779287600594039e-01,1.050591678238068510e-02,1.306600625311282737e-01,1.603466676932139845e-01,9.896828880273673967e-02,1.503799193474176787e-01,4.885324577686613740e-02,-7.633263717873053911e-02,4.138288010061845490e-02,1.168432273559796286e-01,1.325147803071097807e-01,1.013048795124178725e-01,-4.548947969788501994e-02,1.518627679580508150e-01,6.297153186687116933e-02,1.107207314966037331e-01
1.343002219165117528e-01,5.815067801350832372e-02,4.112941186009509698e-02,1.123970457865161587e-01,-1.688703461810053819e-01,2.109116469781306680e-02,-9.577886032320004350e-02,-1.295300662090252131e-01,2.256249513345874869e-01,4.746848385747103743e-02,-3.306685766256656916e-02,-3.982951924981598113e-02,1.484393903234674378e-02,6.628792142148805244e-02,-5.140727476824524800e-02,1.341815251839142964e-02,2.589093941332108045e-02,-4.185263537332811756e-04,1.621308014354074650e-02,-4.566035155780381188e-02,5.578437239969942507e-02,1.166659302642830964e-01,3.856911127925627403e-02,2.101016151216623593e-02,-9.671988886266218166e-02,7.122485878359713363e-02,5.727548837012731014e-02,1.046836764086261778e-01,1.028292230360182691e-01,6.538660825304876134e-02
7.416831149643637877e-02,8.847144010285887261e-02,2.151547982103261397e-02,-2.466389512453788513e-02,-9.024975264371028205e-02,1.126117832426720700e-02,4.885150285745099713e-02,-4.929587954063505140e-02,3.068296583975907779e-02,-1.370438818833800282e-02,-1.914562699353336561e-02,7.661711335597548578e-02,2.054012885230014143e-02,-8.321580608179092453e-02,-1.613038113174892346e-02,5.218702487592152134e-02,1.799491562877429118e-01,1.834732140827617930e-01,1.630955230324343253e-01,1.269625755416277368e-02,-9.180376459072733808e-02,2.556240516188274664e-02,4.039564971750302796e-02,4.621722427303374264e-02,-3.135736694551969489e-02,3.741286499394941116e-03,6.333748630170048244e-02,2.131750415209889837e-01,-2.079738372872629720e-02,-1.648646797786024534e-02
9.992170136949332648e-02,-8.915346154588102423e-02,-2.439302655426277278e-02,-1.577044746017828569e-01,-1.455769782181098315e-01,-1.068013850205117854e-01,-8.882313886902760969e-02,2.843750159582149328e-02,-1.542363815417610307e-01,-2.407717784094348112e-01,-2.271947886907790815e-01,-2.898234344827089332e-02,-1.869781421229279039e-01,-2.009319714312685634e-01,2.969255594573401782e-02,-1.318868314507054273e-01,-1.489542397073740920e-01,-2.540169000780338748e-02,-3.556754772746505144e-02,-1.542079554389227114e-01,-1.195134968880576659e-01,-2.488827219018628079e-01,-1.600616929969262969e-01,2.552346178386104281e-02,-4.331448597603856920e-02,-1.470843231455137012e-01,-1.050028709605516641e-01,-8.155824836606807848e-02,-1.494108313647222186e-01,-2.176085195327014388e-01
1.076362176421620798e-01,2.000258327179423867e-01,-6.977473465774480799e-02,2.663000999649125511e-01,1.058492031147175577e-01,5.529050124013323159e-02,-1.018681586288911478e-01,-2.585148789637152153e-02,-3.244765085149399486e-02,4.746700449459927418e-01,6.982479515431684949e-03,3.008592839176355005e-02,-1.511503571332793450e-01,1.747367783060798652e-01,-4.943056239819209122e-03,2.456202342656875481e-02,4.998459009318904911e-02,3.510241924569412059e-02,-5.169555965582746382e-02,-1.625040937291246657e-01,-8.139565984041897961e-02,2.014588722797369114e-01,1.058349280622962602e-01,-6.004093680295573277e-02,2.872651705990494908e-02,-8.683269254392124090e-03,3.748571448094119990e-03,9.341779008767291115e-02,-5.158792242282324303e-02,-1.033182180455749916e-01
8.914099126016112457e-03,-7.681457720278481172e-02,1.118648894564698848e-01,-1.025374662349748216e-02,1.873523706858280097e-02,8.548219715747069902e-02,2.124233856642633311e-01,4.192377687384230001e-02,-2.889256494423542848e-02,-7.352528489132359457e-02,-8.250520525682074335e-02,1.401515734213651942e-01,-2.369354876144086353e-02,-9.199043433394682445e-02,-1.144151946981991283e-02,-3.000015883911022474e-03,4.341048091294853750e-02,1.848043430135365151e-01,2.158219811588387577e-02,1.849997651725766301e-01,3.113020378114385311e-02,-7.741712824205720933e-02,-1.551354399183175331e-02,1.387187481507699827e-01,1.202471111296364165e-01,4.999692371471833180e-02,-2.485288122808807301e-02,1.146708218002989721e-02,2.915477190206870739e-02,1.718087489277651120e-02
9.379736392400067624e-02,5.311361072453454901e-02,-1.233744697975325821e-01,-8.853033374617493012e-02,-4.177835168261430365e-02,-6.089295239080982913e-02,-4.129126700003804551e-02,7.021420141977754992e-02,-1.173675938255851758e-01,-2.182639488059289271e-02,4.469096013532027067e-02,7.169942461056275085e-02,7.499960086195528453e-02,-7.615991764096290140e-02,-4.463766407164348332e-04,3.343787030933409454e-03,1.417212007540656904e-01,1.378436479970465145e-01,1.780900723838598487e-01,-8.694741376140108224e-02,-1.064456477916717048e-01,-7.444174603359124398e-04,5.675513813040976990e-02,1.409015838923110553e-01,9.607052959989746677e-02,5.844675150338171643e-02,-1.018544924656499505e-02,7.455624242746812513e-02,-8.558026171894818346e-02,6.959706170847341014e-03
1.294554983720741792e-01,6.653105746452873948e-02,-8.322962384873229535e-02,-1.515174395019761033e-02,-6.321081721259187713e-02,-1.430760058432944681e-01,-6.861546303700076510e-02,7.875769328177597423e-03,-3.124960098541565076e-02,3.749983118810644445e-02,-7.988880442506873791e-02,1.038802996713145826e-01,-9.117764061100175343e-02,-1.877687527599519735e-02,5.032520518731056769e-02,-9.864704113832292731e-03,1.723520528919575412e-01,1.450574545425035167e-01,1.784954272183812973e-01,-6.767185943260520253e-02,-8.233922048547034911e-02,-1.181185085850185168e-01,-1.328040496729892272e-01,1.076457614316848610e-01,8.339345770006043046e-02,4.861168923923439578e-02,-1.855773186086446258e-01,7.511523811996065336e-02,-1.776466741512180980e-01,1.334823035644020980e-02
8.739237924575919692e-03,-1.100708499747111990e-01,8.990067494308731644e-02,-1.190282848639909463e-01,5.461180465983636600e-02,-2.975121891686458020e-03,4.643624961196390899e-02,-2.674148474871254622e-03,-1.485759586609593785e-01,-8.860659123563065231e-02,6.081663693561737555e-02,-3.868909721437983201e-02,4.724638935379586041e-02,-1.081107565490151690e-01,1.460004036135307826e-01,-4.921241999648688636e-02,8.480806334534790603e-02,8.759609008379262707e-02,7.715842020805253887e-02,1.105397514275428816e-03,-9.917073838556125787e-03,-3.019366982920229647e-02,-4.515460737917145750e-02,-4.130258268441021341e-02,9.702952806220217774e-02,3.208910153387886655e-02,-6.070994962613723150e-02,1.268184960860202493e-03,-6.026538219249557432e-02,-8.763724682953537293e-02
5.050907203369623538e-02,-1.539377230983618623e-02,5.750384174854058367e-02,8.413115961836088730e-03,3.248060719046160644e-02,1.377300606269217520e-01,4.670068123340251343e-02,4.059645729828441352e-02,2.448489720493692359e-02,5.311058693663149588e-02,1.126944130500253383e-01,2.113292971011902222e-01,1.889824558492466389e-01,6.839095903708344859e-02,1.997760579717552110e-01,9.069034496452373084e-02,2.649395031535866085e-01,2.550517196579436541e-01,2.574369924409345423e-01,4.066410269022496804e-02,2.781116294852480908e-01,-8.615308200239289727e-02,-5.653085537104161895e-02,1.674992630086000189e-01,1.139546099902226384e-01,3.454511177011967415e-01,9.712373330483468903e-02,2.513077573042831192e-01,1.533089413580069338e-01,1.393120687953843251e-01
8.292979176246900730e-02,1.085672456400257890e-01,7.434573227204550189e-03,2.075870151786447793e-02,-1.382763986360240338e-01,-1.847782439208665861e-02,-6.393651663191071699e-02,-6.060406431010769562e-02,5.285356339555306177e-02,4.644285754266450073e-02,-5.929757609363071891e-02,-1.153257020226683589e-03,-2.868020609113322572e-02,-4.223163812213489438e-02,1.166111512351602347e-01,1.001300960149638791e-01,1.287366266077687726e-01,6.733740504424834405e-02,1.104489062607439259e-01,-7.490079232475145565e-02,2.436079636980217553e-02,3.519174174124489046e-02,-5.096963415990399260e-02,-4.082352922032421796e-03,7.820109297271862769e-02,1.680976291366811579e-02,2.293973944868915593e-02,1.454132040683027705e-01,9.103876553086963710e-03,3.428585656389951386e-02
5.613442767527600241e-02,-4.080631429925862114e-02,9.100297135635999901e-02,-8.665298751461972260e-02,5.334567534938112338e-02,2.260005478031628171e-02,-2.737219748942167422e-02,6.500682475262900550e-02,-1.130955719257961956e-01,-9.765539045141313768e-02,1.795561654175886757e-02,1.036693135123096104e-01,7.745023568784735468e-02,-6.286173660533428409e-02,7.598263210476038920e-02,-8.368409217105708675e-02,4.965469719189138931e-04,8.139290624690220799e-02,-1.724080928571376792e-02,3.833190995494838160e-02,-6.545395921152899477e-02,-8.955317546062781242e-02,9.866129713343473051e-02,7.635646628961910432e-02,8.145986539313582186e-02,-6.971220388579124627e-02,1.267683159453018502e-02,1.170790321155510405e-01,1.563296721311462079e-02,-1.079448565229063073e-02
-5.302206242568656414e-02,-7.552299041334697982e-02,4.323557942678282751e-02,-6.287695867380402315e-02,-2.396723423564103839e-02,3.704471507889230825e-02,8.406169563284203450e-02,-6.515423276569778932e-02,-1.348939601684105982e-01,-6.390055005896923268e-02,5.990630239319724715e-02,3.938307973356027641e-02,-1.483454596248639026e-02,-6.036736847170545706e-02,-1.374958098188534816e-01,9.508749202323725502e-02,-1.997131989351528733e-02,3.621122149812215640e-02,-6.121794871964153506e-02,-1.576299670553309509e-02,-1.138605085529771632e-01,-5.044935391172637035e-02,9.337696941736434164e-02,-7.200885017693697820e-03,-4.297197000972415026e-02,-7.263974471383074366e-03,1.257173441853241536e-01,2.915774021535857616e-02,-4.964204730597222837e-02,-1.028274353731361557e-01
2.888792990638167080e-02,1.801756436712610432e-01,1.856407667635379954e-01,1.936520449330127874e-02,1.909370521471965565e-01,2.903305068879192263e-01,1.794263098376948362e-01,1.474879661159054223e-01,7.490044310832441599e-02,1.035821470519687343e-01,1.507724555408008760e-01,2.401866770296136600e-01,1.510818766786994338e-01,4.590373588404432839e-04,1.728365467815950463e-01,9.770846363894486464e-02,2.123843888839326011e-01,2.573780123565225786e-01,6.585850455125384639e-02,1.891330721861398390e-01,5.272724952626392514e-02,6.964002702475499684e-02,2.029251393906705558e-01,1.868906330558583462e-01,2.198503390924612388e-01,1.122652562757367189e-01,1.589761093204779541e-01,2.169775855250286323e-01,2.562161199585847315e-01,4.511630820396371477e-02
1.523212405835465688e-01,-6.008338963945069472e-02,-4.657961417570502527e-02,-7.443394022100294216e-02,-3.965384822671308429e-02,-2.405849106986788014e-02,-1.491332273783477907e-02,-1.465991168842344095e-02,-9.737403818631730490e-02,-1.862063822012918479e-01,4.466935672129267176e-03,-4.242840309787709180e-02,-1.094955350431361385e-01,-1.033248416951708243e-01,1.164221452662884404e-01,-7.874074855162511988e-02,-4.649363727275568348e-02,-7.658795337898374744e-02,-1.797821221291037719e-02,-9.147997871642621348e-02,-1.490753402620272061e-01,-2.171743706594686518e-01,-6.485187197718676744e-02,1.691605996831226782e-02,-5.014740907647697449e-02,-9.677984400932641840e-03,3.833287161617429661e-02,-1.302539759667425967e-01,-1.544294032698936558e-01,-1.140040050846239106e-01
3.464817909828980802e-02,-2.560385744559986326e-02,-5.671719146927538258e-04,-1.900489103804922641e-02,3.860063791270663958e-02,4.618803074661726599e-02,-1.521127764272954194e-02,-2.586206657802993247e-02,-1.853659042916711019e-01,-6.038404653046416243e-02,4.311076018484086281e-02,7.090995481092590702e-02,-2.426000525047505504e-02,8.639463269426026631e-03,1.745919284890028456e-01,7.192510340439930983e-02,1.297070417212400628e-01,1.058408948137183336e-01,1.034846349828445755e-01,-1.147299808097504425e-01,-1.612216302722352043e-02,4.068834819089314075e-02,8.121643898780281368e-02,3.247187034489189966e-02,3.796362454571725054e-03,3.698412440918922434e-02,1.237815547243216463e-01,1.033932822237202259e-01,-5.437265238442845483e-03,-1.518816952189693259e-01
1.533211845005449936e-01,7.551688235058726800e-03,-6.815623354826293168e-02,3.840892073434051812e-02,2.722116884702992581e-02,-1.132179870955414697e-01,-2.379799140208712083e-01,-1.469620990069790689e-01,9.562383523364978780e-03,9.176230473712851388e-02,-8.724938467426392175e-02,-1.015921262340788722e-01,-1.307462858351290946e-01,-1.026419445058392999e-01,1.202239179909708744e-01,-1.106928408633308936e-01,-5.116754129474569007e-02,-7.390928527436961548e-02,8.708269457434133359e-03,-1.489767749067660851e-01,-1.956330081101735271e-02,-1.334462645955606930e-01,-1.395911825000253625e-01,-1.685089905801358534e-01,-8.377744393819111512e-02,-4.377543890598967202e-02,-3.644827643609233753e-02,-1.263304203785300082e-02,-1.207890561604681862e-01,-1.744201545338782550e-02
-1.774847382392177528e-02,-7.725833126598370681e-02,-1.021939651097057422e-01,6.899867065005277356e-02,-1.092274449461548419e-01,-1.513541671855303250e-01,-2.237739369118504629e-01,-1.488170339709284640e-01,-2.274771420506994657e-01,1.773193714511687169e-01,-4.471609059073571729e-02,-9.849660446622984789e-04,-7.588160057910817158e-02,6.090011021274298331e-02,2.944509023750419355e-02,-4.567046960711177578e-02,2.580187345019783335e-02,-2.328436235310527708e-02,1.130425900859105132e-01,-1.941175321227364137e-01,-1.037601774048194092e-01,1.448375145788069647e-02,-1.583113497881557530e-01,-1.400257318558430220e-01,-4.224205832412172151e-02,-1.479692673168360624e-02,1.195544360441505582e-02,1.385834625503410689e-01,-1.554232812296299782e-01,-1.797522667227374471e-01
8.298764906523453666e-02,3.863140085303007343e-02,-3.678484229112080617e-02,1.657875872635337575e-02,-6.471351197138132394e-03,2.068934100697689474e-02,4.331861218906645633e-02,7.178147250227268766e-03,1.141192465686012049e-02,3.382709198205867407e-02,-1.171367762613181179e-01,1.185768294998358896e-01,-6.277491888982623947e-02,1.965124890367447516e-02,1.671638975376288638e-01,3.464952151664774105e-02,1.511059920274238910e-01,1.372335710498950034e-01,1.714629216694485425e-01,6.600165236725381857e-02,2.343354494896861956e-02,-1.028203569896039699e-01,-1.221761572793626655e-01,1.294612665683462782e-01,6.434429150981238466e-02,1.273696434797138843e-01,-4.232380382568748378e-02,1.780891843295815125e-01,-4.033932949194339590e-02,1.733946957996636284e-02
3.361950590133137504e-03,1.070619994517752610e-01,-1.981933051142572427e-02,-3.940466830730089860e-03,-4.180344141137683905e-02,4.145145313712529644e-02,-6.855213761055418964e-03,-8.938148679446930589e-02,-1.656875903679258522e-02,5.543765726477023481e-03,7.534042790904736664e-02,2.058011850078336757e-02,6.589848458827057831e-02,3.103936272484450823e-02,1.675111420845593335e-01,9.665940336015084455e-02,8.843202690881479811e-02,8.655547167428746802e-02,1.793484497601390559e-01,-1.266513149664695026e-01,-5.782055375396638608e-02,6.734391225146431348e-02,1.025969219627950596e-01,2.259030537552814133e-02,-1.464970206700976496e-01,1.034511544471180544e-01,1.650229969567208743e-01,2.026893775806670739e-01,-5.579854869037393500e-02,-5.333811708129376078e-02
1.166092532795377917e-01,7.637881101661275762e-02,-4.669964017498095393e-02,7.659978433522784957e-03,-3.627852450644986071e-02,-2.281905071966233364e-02,-7.161636012633817994e-02,-3.051890751313286743e-02,-6.281241819318693353e-02,4.968618728264789092e-02,-6.906860772344697308e-02,-4.583858306425495771e-03,-1.306650716056844685e-01,5.552368795563702823e-03,1.725452566665472143e-01,-4.829861735167542691e-05,2.880996394141508918e-02,1.030658938265015603e-02,5.351431263758410495e-02,-5.565792109305725543e-02,-3.941222517441439477e-02,3.059937780614099823e-03,-4.004254810424265343e-02,-6.469469077514292121e-02,3.371085495603964866e-02,3.452983143156434370e-02,-1.061089331017570220e-01,7.305913790801063512e-02,-9.227665896167056014e-02,-6.227868606500346071e-02
-2.320516311953411959e-02,2.733977490944115157e-02,-2.041907490520870616e-01,-5.492008823867637612e-02,-1.032596254603093677e-02,-1.698573267460107283e-01,-2.126169209532110249e-01,-4.640552845322984399e-02,-1.300724192978279514e-01,-2.736479191618751416e-02,-2.411356322475243300e-02,-6.635773358741529904e-02,-3.306409182079735748e-02,1.970844994509149059e-02,1.200241641129979192e-01,5.714370307938376747e-02,1.245275837097526914e-02,1.445617119603088106e-02,9.678971728171319178e-02,-2.156543315668611460e-01,-8.706201305859037620e-02,-4.655771361592524887e-02,2.477076625549964883e-02,-4.652316659166874646e-02,-6.659068979879594063e-02,-2.688876421621957252e-02,1.772403217457622221e-02,3.013094588000732321e-02,-2.060043325154613525e-01,-9.714587149209677475e-02
2.215278439723319670e-01,-1.056810314992477629e-02,-9.691827347691146788e-02,7.019294648509352696e-02,7.754320829982364049e-02,-3.724976018198329630e-04,-1.571311117404881330e-01,-4.416497217547069032e-02,-7.289812144060901777e-02,-5.649408716052609081e-02,2.715118832398239271e-02,-2.440479499038360756e-01,-1.061066938938657750e-01,-2.463485986338727687e-02,9.627641097204379245e-03,-9.311477911106556815e-02,-1.659660969299743272e-01,-1.828215815109388021e-01,-2.264222491475471610e-01,-1.876739079443243419e-01,-1.850541131395281036e-01,-5.840606835817346854e-02,1.503580875266620834e-02,-1.156341389601893560e-01,-5.494159405473640102e-03,-1.653844206859028110e-01,-8.535841955918494275e-03,-2.890687720187065657e-01,-1.207416645392875160e-01,-1.509668410806744854e-01
8.782845697692223674e-02,1.184292225426855499e-01,3.616304787204127624e-02,1.281565579164425095e-01,1.671296314486580073e-03,7.951522563094021168e-02,-6.012138236544066483e-02,-3.888572779690689651e-02,5.425935415081468982e-02,1.683710826992785847e-01,5.609254094217225317e-02,-2.041663294174919305e-02,-1.454403925899783873e-03,8.475679474525402157e-02,1.298733643601805154e-01,6.683634410301596274e-02,6.702998624347145107e-02,7.385548962827773178e-02,9.372664104571956645e-02,-4.020126330729963116e-02,6.238839205880045147e-03,8.580290817839290873e-02,-2.863970255077188248e-02,-5.475749372766758327e-02,-4.139263101467904188e-02,1.039422339083079412e-02,1.171053507920527259e-01,2.009445113674620809e-01,2.686100181883372545e-02,-2.194451615631765225e-03
6.907459172954673321e-02,5.723954096176350759e-02,1.053775137010135865e-01,-2.987660006796786713e-02,3.677879113061827826e-02,1.148186950481899921e-01,5.354626769714944390e-02,4.099690012382709026e-02,4.208288221994661849e-02,-3.940543628298325690e-02,-4.370265580091046292e-02,1.144436265174898076e-01,6.633147918583011393e-02,-3.502522693955993638e-02,2.052123421673648085e-01,6.441291729892259510e-02,1.430577949552613026e-01,1.327241315767139773e-01,1.191586595974202106e-01,1.092282320257124267e-01,8.988153578380252140e-02,-4.332043453470514616e-02,-7.446165431255476891e-03,8.878852070042993205e-02,9.859514953669215598e-02,1.532259835682454052e-01,1.954540502773872979e-02,1.739657402826755572e-01,5.923170737775942940e-02,6.431285810244059820e-02
-1.170141206278080097e-02,-5.539606018079106659e-02,-1.038411309087311635e-01,-3.099542551418282138e-02,-3.574385831740102548e-02,-7.811994442002163919e-02,-9.375097672689990114e-02,-5.984881224196912652e-02,-1.503358234079037736e-01,8.243452017983494973e-04,-1.237794791736455957e-02,-8.177858148790834170e-02,-5.129736663347048142e-02,-1.397250658685781910e-01,-6.813381600755455403e-02,-9.463779557601656456e-02,-7.258153010270250449e-02,-6.843240010588624855e-02,-9.518917744205496190e-02,-1.226083397324126412e-01,-1.545767868867032324e-01,4.043462986126981212e-02,7.941706555695676739e-04,-8.331896519082965941e-03,8.281602647920163762e-02,-1.192410405717325705e-01,3.373824103840382393e-02,-6.357639468907794189e-02,-1.135441490756870508e-01,-7.319352522935686223e-02
-1.653517217100496095e-02,-3.550292411107117824e-02,-1.163394548454525501e-01,-7.856472293218856595e-02,-1.033025573352577414e-01,-6.138039440266691155e-02,-1.982508011846489115e-01,-1.937612727068124263e-01,9.486349786059235234e-02,-1.049964009258313492e-02,-8.882496288617180991e-02,1.981360891182271100e-02,-3.546577221603775670e-02,-6.700658322543491530e-02,1.126262269409881861e-01,1.481040605094341954e-02,6.701932591195411404e-02,3.544496767135485449e-02,1.230292995270345913e-01,-1.516825744425355504e-01,3.515072806543345640e-02,-4.039974831955703977e-02,1.614333511506946955e-02,-1.182857957258056161e-02,-1.958776756439199740e-01,7.967252819055015145e-02,5.967521528782179785e-02,1.731780743923438948e-01,-2.421171217827576549e-02,5.255711523328575330e-02
-6.547213625767923234e-03,-1.943625463667871325e-02,-2.068316086522751229e-01,8.640874418561975134e-02,3.591515108947714030e-02,-3.333686782277760219e-02,-9.372515875039819089e-02,-1.377002934068894957e-01,1.759672771549087959e-03,6.687139563055138902e-02,-5.702002269542964102e-02,-4.258973500205260471e-02,-7.743428385488777821e-02,9.455434835476225763e-02,-3.747120844079650931e-02,-3.903718354650406036e-02,-6.978000643858078833e-02,-4.787763045446333937e-02,-5.376062132823785505e-02,-1.081691460133424737e-01,-3.364805275060327172e-02,-8.019694032918047583e-03,-6.830699557372792163e-02,5.283081879202773667e-02,-1.571674781069244686e-01,-7.944095841875736808e-02,-5.628516437336730793e-02,-4.523885619969607308e-02,-6.325028503196006291e-02,2.685646159809557468e-02
1.358726991542809001e-02,1.027107983667564645e-01,-4.397137170976567200e-02,1.986437124655161535e-01,-7.490900366973170244e-02,-3.626047376588460019e-02,-3.087904573024589233e-02,-4.828353131624604083e-02,9.825004561747817389e-02,2.971594358218543896e-01,-7.193873085608834539e-02,-2.707158830452438547e-02,-4.328486576985798862e-02,1.345790531430705594e-01,2.955741023611713897e-02,9.042647115163224281e-02,-2.793346555180353102e-02,1.518072912785582013e-03,-6.256352345666482684e-02,-2.456960904850565008e-02,-7.691044408565446411e-02,3.618333126082964313e-01,2.080838590882038708e-01,-5.786684361476936156e-02,-7.229076957759590638e-02,-1.874035623967511277e-02,1.106388515656419637e-02,9.171131979095112352e-02,2.317669672563239455e-02,-9.919344429839173360e-02
-1.667115945806662419e-02,2.505268413666866464e-02,1.044255567028001819e-06,1.898663628042515650e-01,-2.044252004777698944e-02,2.012645326028699236e-02,-1.586162109830880490e-02,-6.995557146937505036e-03,-3.100736683903376756e-02,3.126242778886930695e-01,-4.794848052647266573e-02,-1.242316095752760280e-01,-1.879135547714593235e-01,1.470218104469830644e-01,-7.484501164979931453e-02,-8.834658458665529956e-02,-9.775690969614739267e-02,-1.485373975212279651e-01,-1.994623686932716633e-01,-1.510459219463227698e-01,-1.128954045126894790e-01,4.012858666459802048e-01,1.303819760052272181e-01,-1.388266606418340210e-01,5.814402023703937883e-03,-3.131969827120072852e-02,-7.303711030579226882e-02,-3.765571942176585557e-02,-4.937288470863268608e-02,-1.390925083449900956e-01
-4.994941020707715368e-02,2.492784760111654840e-02,-2.364464161773001047e-02,1.628008081983852717e-01,-1.127823617010929869e-01,-6.860670095107627986e-02,-7.532466011845653786e-02,-4.704411431144344541e-02,-3.076142554399114229e-02,2.683177962737919864e-01,-1.285979094605040896e-01,-1.140490463593010761e-02,-8.681878452276017843e-02,1.098833263171423574e-01,-4.159688458500140906e-02,5.279204197665460230e-02,1.101338873365456661e-03,-1.443716037840657787e-02,-5.344046624709344884e-02,-7.989560315211466368e-02,-6.615195074832275202e-02,4.320012688384049504e-01,1.871355797606004123e-01,-4.222044345324960785e-02,-3.048036546830538290e-02,2.020613178379918051e-02,-3.162118372405772065e-02,8.346090359003885406e-02,1.128636454946201594e-02,-1.309926607003366605e-01
5.094734799953037907e-02,-2.463030946896307277e-02,-5.252089559587666545e-02,-3.389887618147450349e-02,-1.243394879537948333e-01,3.567044202738740843e-04,-6.150857476833829218e-02,4.575885979071594306e-02,-1.354252001933008431e-01,3.815286209292240854e-03,-6.841810971150409648e-02,-4.203187175825701116e-02,-5.957517459125765552e-02,-6.095053769474513550e-02,9.449491050509567502e-02,1.316758482098234068e-03,1.013190635365367603e-01,4.227979898345127219e-02,4.902049691184048180e-02,-1.117773888713064767e-01,-6.215363580145009254e-02,-1.291727509904666560e-01,-1.384998629774167878e-01,1.275187326834831270e-02,6.555053446011142870e-02,-3.127843508719701723e-03,5.196884222463414582e-02,8.727804973717290249e-02,-8.317194745595878069e-02,-5.136365572889187159e-02
2.162131167059534731e-02,1.377390132809186429e-01,3.632422331320950826e-01,6.700682062683285811e-02,1.767917020837031228e-01,3.213290034900446179e-01,5.036342832949901593e-01,2.045976256111888547e-01,1.119357207318692898e-01,4.896411491225365065e-02,1.898732311791532790e-01,2.218718506689686398e-01,2.279103443531628748e-01,4.735497692840653916e-02,1.314977355807010750e-01,1.081278628693380650e-01,5.941515826807336476e-02,1.693579923566778944e-01,5.167977139209153220e-02,5.383636361991316344e-01,1.426389117026024000e-01,7.158407661720050941e-02,2.753424077578818796e-01,1.846067314965972317e-01,1.754649710061348677e-01,8.378176257339849109e-02,1.191177135773250767e-01,1.574192818216173517e-01,3.354016526140113363e-01,5.691472072925708725e-02
-1.154766932524509959e-01,8.606853184394835932e-02,1.771714466733154136e-01,-1.167217060422816866e-01,2.810292582170449693e-02,1.121981698484808554e-01,3.295447616743332753e-01,3.106280545140757687e-02,2.168507311030420676e-03,-5.179221895487865629e-03,9.950506883833737382e-02,1.627934839913977305e-01,2.226766909076334788e-01,-1.794332626752928248e-02,-1.409929490805765691e-02,5.303531354367276018e-02,-1.226728594332808335e-02,1.298160285920844648e-01,5.762041681805142590e-03,3.885428742820633552e-01,-2.275906849539303251e-02,1.015982064977489011e-02,2.430943693739307243e-01,1.243248907193410802e-01,4.748901348268008693e-02,-9.034424173332630814e-02,-9.781344882535868146e-02,1.106208769617552795e-01,2.017640233076137546e-01,1.704490931012950239e-02
-1.906401929934402328e-03,-8.013792087085953864e-02,4.804367269795157408e-02,2.350725213546873693e-01,-5.882130801233169393e-02,1.056149795639994282e-01,6.318427146596793109e-02,-3.789532285972969927e-02,1.425896866915935500e-02,1.693606659371416634e-01,-6.288229604520065297e-02,-1.386925944865589067e-01,-1.998247522535891163e-01,1.684583213863882212e-01,-1.371531177745392016e-01,-1.788121358708285313e-01,-1.538022844945805268e-01,-1.588134969511343642e-01,-1.775512787695870676e-01,-6.749303883116669622e-02,7.329624363865655523e-02,-4.662628548720172683e-02,-9.910708374764884421e-02,2.672754940519932176e-02,-7.114933151499278075e-02,7.357965465778280867e-02,-1.200501976047183700e-02,-6.139082441801356482e-02,5.179218060187124051e-02,5.140578315216167565e-02
-8.340260938887150699e-02,-4.257803725828981922e-02,-3.552966107576202570e-03,5.307843053630707797e-02,-7.242429240594658313e-02,-7.540682338729777501e-02,4.428567941682856612e-02,-7.562810878792293467e-02,-2.188256603791996491e-02,-4.128265506057937628e-03,-7.574881542751636665e-02,5.220152145042988856e-02,-3.020609390317283843e-02,8.734892173297383045e-02,-3.797326688868839922e-02,-3.251694961723811117e-02,-5.113666704186701356e-02,4.918713363680812800e-02,1.649106725505913168e-02,2.636068256115053562e-02,-2.888983184471898349e-02,-6.564344163978147462e-02,-2.885767473224864002e-02,1.000728817267234616e-01,-3.813405645886053241e-02,-4.661398028465277288e-02,-6.261934628052276408e-02,1.097656100419211467e-02,-2.676109317831088311e-02,7.484039402256573159e-02
1.048406910886983817e-01,2.196951006380222782e-01,6.824028037794110935e-02,2.056704337642259461e-01,-2.993564988519994280e-02,5.261411949102311192e-02,3.640313161576062828e-02,3.360383663092053261e-03,5.190085302559790947e-02,2.963670034588755109e-01,1.158869302352801695e-02,9.699274508424352015e-03,-8.681664440603509281e-02,9.866473989262002087e-02,4.892886361264711659e-02,-6.101575667745989112e-02,6.122387218022995459e-04,-4.479752508056558669e-03,1.089674603415463627e-02,4.936196744225599536e-02,-3.217345892378275368e-02,1.059264017243476547e-01,6.858744175981124069e-02,-3.705605324031510661e-03,5.554706287723715219e-02,2.164852641509048062e-02,2.477999714958853406e-02,1.052250146815728177e-01,7.728949897076836661e-02,2.582313093394945913e-02
-4.850690924558252043e-02,-8.201766204728216936e-02,-2.716979632416687690e-02,5.589807495586103514e-02,-1.187864337922263924e-01,-5.369721665197443872e-02,-3.939127489098417922e-02,-3.913671997812603887e-02,-6.700896643151478538e-02,5.867138327681455101e-02,-5.951183279255622960e-02,-6.015306618867836269e-02,-2.910516254446009893e-02,-1.411412134216468925e-02,-3.678050130119105837e-02,-1.651397811441437241e-02,-7.327212605391474065e-02,-7.300383500117321733e-02,-1.904310458262257338e-02,-8.787218819041507645e-03,-4.473463991891932223e-02,-1.645720058263444932e-02,-5.525339921985774824e-03,5.502661198408597548e-03,-7.844395750013440083e-02,2.105090786607644732e-02,4.329710359756540339e-02,2.727761211734195876e-02,-2.446530324158706013e-02,-1.040685860274409708e-01
3.620143634468235561e-02,7.422980445390162108e-02,3.726940220623018579e-02,3.050212065544971596e-01,9.858523621591197550e-02,1.654275782796502114e-01,9.767806112354943116e-02,3.014419736077635775e-02,4.189209928760078555e-02,2.108747330290246524e-01,8.806522259130304675e-03,2.126793226230882031e-02,-4.273639629744201140e-02,2.666089755189920418e-01,-2.143071073297431184e-02,-7.067738505474997768e-02,3.493410856933401587e-02,8.519689970624577668e-03,7.027334286439826383e-03,6.754526546786975005e-02,1.595737783294116641e-01,3.106175886312996168e-02,3.538143599712317844e-02,6.017005766848390613e-02,3.535856131203892611e-02,1.593521181894335947e-01,1.213016954749644716e-03,4.010054868754301532e-02,1.682328158869771384e-01,8.070832093076103775e-02
1.240363876900732812e-02,1.098767157120350002e-01,4.419540100443233172e-03,1.816950741561774163e-01,5.646726132139240351e-02,-4.730277754238353810e-02,-8.450741643944172099e-02,8.357831408013541297e-02,2.478695921530217269e-02,1.953925732503958845e-01,-7.869923722382978978e-03,-3.284684948881928801e-02,-1.428073703928510463e-02,7.641657907241410086e-02,-1.338221376036944320e-02,3.029065003974329429e-02,1.924861868307150420e-02,-1.064076629437134963e-02,-8.310841840690566529e-02,-6.779140160559790629e-02,-9.123484360640049529e-02,5.738366765871395769e-03,3.791875559108945359e-02,7.119391560915681871e-02,6.062698669699641274e-02,-1.345275052833126532e-02,1.275049202668594034e-02,-2.835363622720160626e-02,-3.268600313698322851e-02,-7.062715929853202734e-02
7.912696553933834531e-02,5.579703438377083685e-02,3.126920143212472830e-02,2.569398571117905705e-01,1.412363821997729765e-02,7.037495684777761440e-02,2.113352412931570473e-02,-6.321805864437274325e-02,5.760398327141089819e-02,2.043725539184860773e-01,-3.532456224945648010e-02,-1.071902884496656744e-02,-1.317352030540944463e-01,1.665433182134544166e-01,5.380179085164945446e-02,-8.728664882316507223e-02,2.645890922307164023e-02,-2.169264603737069974e-02,-3.180201448249789231e-02,2.087159230746028424e-02,2.204800380373921065e-02,3.298040455210221600e-02,6.770366497674006057e-03,-2.128729356440729054e-02,-1.569018257887672130e-02,3.047099434126094436e-02,-5.131985897676151487e-02,7.539247410156138529e-02,6.285377409665504622e-02,6.438808493388706311e-02
6.213600863660422718e-02,1.476896400150556725e-02,9.741006313532050986e-02,9.549316352714884437e-02,1.208069610029801483e-01,4.967823903579487305e-02,6.093937706821088429e-02,1.578109985999994747e-01,3.240398629134416675e-02,7.431520585607451906e-03,1.068284058045048668e-01,1.701246801868845637e-01,1.263322293161895093e-01,6.718989387785403999e-02,-2.941792111035702179e-02,2.834031158099138345e-02,8.070315899823252148e-02,1.150200934262678859e-01,1.447564139692170404e-01,1.095427777348545600e-01,6.454743173976525139e-02,-8.237934322281799393e-02,-5.473136681600127007e-03,1.735313223279154604e-01,1.151428303652894392e-01,7.376788353598032200e-02,-1.777921160403739612e-02,4.910659518986081051e-02,1.148637168103884415e-01,1.637159590310487967e-01
1.303551091705317799e-01,1.218336232221978732e-01,1.593206429814690017e-01,3.006539595988277358e-01,1.753027708500474735e-01,1.997413548223221369e-01,1.383611569592687052e-01,9.336915484880439764e-02,9.754160219359277184e-02,2.284229925491628455e-01,8.759390419065607447e-02,7.195164969298255275e-02,-6.026909148524228071e-03,1.761560771846264195e-01,5.631227718672498356e-02,-6.209049317260105505e-02,-1.790873047341245625e-02,-4.573034798339772021e-03,1.090566561142579209e-02,1.622452945893819165e-01,1.354625538359689463e-01,7.010617278646610884e-02,9.384792037197756120e-02,7.480280689109519709e-02,1.024283227575908534e-01,1.831343926900660390e-01,1.111377138794031327e-01,1.300179188524772794e-02,1.716127676785818290e-01,9.665139485257556728e-02
-3.535509880554009443e-02,5.717657965805203468e-02,4.517124614114229053e-02,1.289963868673126013e-01,9.383412201586156451e-03,1.381391185582002065e-02,1.107590329087655978e-01,9.353423010985567609e-02,4.622668928215518253e-02,1.370341388777202851e-01,8.348731989942020926e-02,5.778618751199345038e-02,4.542269788141815867e-02,-1.854013665177767570e-02,-9.533132583853112796e-02,4.396892984266452531e-02,-2.082625401376812270e-03,8.780197324242473150e-03,-8.618297980634927191e-02,6.753790971992995606e-02,-5.776414461721612881e-02,3.632504846339905391e-02,7.195496941929432899e-02,8.440137138857717325e-02,5.437350075794075699e-02,2.661460070140188663e-02,1.226445600870825076e-01,-8.943386812031199617e-02,-7.347436389905792273e-03,-1.007093260191456313e-01
-7.226720682930504180e-02,-1.873400316297135076e-02,8.751997223920890412e-02,3.394259054271042131e-01,-7.034758633328550004e-02,1.268948571646924539e-01,7.004696055882282668e-02,-1.356266398832485509e-01,1.057376386714717065e-01,1.136175177682159088e-01,-2.913883787095176633e-02,-2.184078159224204368e-02,-7.956186003217338709e-02,3.599591757150736315e-01,-7.716381038982010609e-02,-1.596033416994300375e-02,-4.416973840080098274e-02,-4.318502489651120102e-02,-4.978663689592324054e-02,-1.068685212828359224e-02,2.418865446087671844e-01,4.130894869799594388e-02,-5.756070249591795432e-03,7.139321473940749008e-02,-1.580457988689860094e-01,2.175274734817718436e-01,-3.246780166973124021e-02,2.439242644381851149e-02,1.835709823995408108e-01,9.673762302427865722e-02
-1.382793770105657238e-01,1.151671006203442982e-01,2.513119744487589680e-01,6.609237943702617191e-02,1.955266973396774799e-01,2.584457772838879008e-01,3.363988031822354730e-01,1.603201213736421549e-01,-5.913466893589339191e-02,2.359704839609936405e-02,1.435030200502527831e-01,8.920984745159259155e-02,1.354890861942767699e-01,6.158427858040045610e-02,3.710501186118299322e-02,1.795156267172865472e-01,3.794854539672273819e-02,7.174242614630763071e-02,-1.784510165050616493e-02,2.708344540401075862e-01,4.199091021492449421e-02,3.247949224513281552e-02,2.039752941184162782e-01,1.200247620555957156e-01,1.252575103859586703e-01,7.354871537199310361e-02,1.226958584795815044e-01,1.001144726412957348e-01,1.789208067049348760e-01,-4.778621305266264607e-02
-1.349120626050859251e-01,7.505491776110936875e-02,3.885719400922527655e-01,8.586445064169281882e-02,1.268020703872493327e-01,3.499029829214452270e-01,3.513970592268316206e-01,1.182954461765250986e-01,1.527001477954344211e-02,4.175299229672899820e-02,1.908420579485641255e-01,1.463596852623188505e-01,2.215693900054220289e-01,1.126868869074827556e-01,9.000551976446324876e-02,9.160416308725766177e-02,8.989347427246373312e-02,1.194497531163389858e-01,2.853303963103522023e-02,3.486933229760016406e-01,1.008083295309035732e-01,9.349115946747428574e-02,2.473460507641869199e-01,2.520627880531784437e-01,8.268607443069660168e-02,8.471323443212733229e-02,-7.444818373034435555e-04,1.938441763131202589e-01,3.819513138754226378e-01,9.655880128076441138e-02
-1.653522190582675799e-01,-2.006736712892639302e-02,2.678525372755540326e-02,2.219400212409241846e-01,3.906462376457589536e-02,-3.075294029476434432e-02,-7.039783843285725429e-02,-2.900183415932635830e-02,-1.056863167687206381e-02,1.534262940546877729e-01,-3.880952225003154316e-02,-2.616541008733260232e-01,-1.073980730251114790e-01,8.676147014392726620e-02,-1.726959992552350998e-01,5.066017794970124194e-02,-4.824408870212819334e-02,-1.900025222170877992e-01,-2.831603279106989501e-01,-8.930556388321381212e-02,-1.821602792887438982e-01,1.034752252877632062e-01,3.343292203073058161e-02,-6.565292835831397500e-02,-5.673683518142222382e-02,-1.599139588316606519e-01,1.033003467481320020e-01,-1.340584186115678089e-01,-9.799192071213870536e-02,-1.096155364185207176e-01
2.524033430631918429e-01,5.634341156039387316e-02,2.238706320871940991e-01,1.723984546971491227e-01,7.675208801702750397e-03,-4.546202495865171028e-03,1.073376968754850974e-01,3.347050361395637053e-02,1.083891226208302805e-01,5.631285942490928814e-02,8.248641591947310225e-02,2.452019835892620819e-02,1.994788231326341532e-02,2.160998901505644526e-02,2.915086656206425375e-01,4.573579977964423171e-02,1.661966988389122768e-02,4.547650733808603074e-02,1.152597026393908930e-01,1.962795498089258128e-01,4.235646012870517702e-02,6.124277527176207048e-02,9.658987115004746826e-02,3.437936170168522099e-02,1.155417128532703480e-01,1.094128698035643082e-01,1.378135686938952026e-02,4.250859611344473543e-02,2.808503822278292372e-02,7.606861391734364916e-03
-1.436646644003953255e-01,6.179012116076266353e-02,1.708701369776156054e-01,3.930429713035340361e-02,1.553265330691652735e-01,2.424246026714979574e-01,2.858965667538524991e-01,8.017185123755002363e-02,-9.848862845150112288e-02,-1.270176581711135455e-03,1.497157438064186663e-01,5.098779482630719229e-02,1.271941373164632572e-01,6.860679413751803388e-03,-2.086809256082526078e-03,1.651736631137807054e-01,1.487702373178457528e-02,4.456474344130603032e-02,-2.217146998186710766e-02,2.176202416705593223e-01,4.301978652161444344e-02,2.408714801332603739e-02,2.100906183644145053e-01,8.852480080505310822e-02,5.197347926077892227e-02,5.765653511798345121e-02,1.232158345263991428e-01,7.968328116280971873e-02,1.861412671032253163e-01,-3.283623623933900476e-02
-5.865524097908563633e-03,6.738946489550388941e-02,-1.175285947580857401e-03,1.994316845021405493e-01,-1.013857687012578446e-01,-8.950728104273908414e-02,-1.924141147949078381e-02,-1.536485067542354421e-01,-5.912400536996798711e-02,2.518669525956315769e-01,-1.569279920505322334e-01,-1.783955205934200927e-01,-2.338266230672866319e-01,7.187613787103429297e-02,-8.226180019870930893e-03,-1.163128900367135926e-01,-6.743916528648385977e-02,-1.212359956276589379e-01,-2.639722922183969020e-02,-6.725927585355279126e-02,-1.293707349949211882e-01,1.105795956485349368e-01,-5.191530093762152659e-02,-9.398003390108235211e-02,-7.833420661686786579e-02,-7.373425333763439227e-02,-1.039486312042210148e-01,-2.372153623356824947e-02,-1.176619803726397795e-01,-4.087720643252577835e-02
-1.159797902670967051e-01,1.155730565053164904e-01,8.899142051683173182e-02,1.244191277281411351e-01,-1.466619381048105686e-01,6.687349250196383821e-02,1.150881023045738638e-01,-9.603924964908928941e-02,6.716567015598977342e-02,3.737058888761128905e-01,-1.212184752858104647e-01,-1.385579411149670259e-01,-3.036069902074893800e-01,1.266276205833976598e-01,3.274524549248609973e-02,-1.409002291395893836e-01,-7.876626226681468501e-02,-1.755669096783005756e-01,-2.655871854907786989e-01,-4.170165537963617386e-02,-5.278072213479442776e-02,3.006203181442194117e-01,2.757663110597039988e-02,-3.182088072310159110e-01,-6.538076520574213901e-02,-6.357330973531466478e-02,-7.407115051588793186e-02,-1.557546691725918489e-02,4.367364115673878777e-03,-1.422696685330827049e-01
-9.145397757375932357e-02,-7.781595880101598028e-03,1.047798436226969609e-01,1.807145526315669104e-01,-2.545142617230213011e-02,-4.259524421658360260e-02,2.502724883581774334e-02,5.073301920842123586e-02,8.685627075930199559e-02,1.101646703124198184e-01,-3.142669951486969787e-03,1.281378915506859589e-02,3.632500214696706559e-02,9.221237774592261349e-02,1.648331968629676569e-02,1.102779222677066490e-01,7.918402855668459084e-02,6.143711834840792640e-02,-1.897350876435002429e-02,6.692688793404188985e-02,-4.596533488752151120e-02,5.379563044674522121e-02,2.185599863965536488e-02,8.202469481659874218e-02,7.074672350634111928e-02,-5.340116967335155340e-02,1.451704246464995962e-01,1.396491431331780830e-01,-1.759093202372293344e-02,8.156757646827703101e-02
-3.426637459490949889e-02,3.290068209478913541e-02,6.050459769053115333e-02,2.103474708830811168e-01,6.174516320227402266e-02,-6.464857959005936364e-03,6.725145771050074217e-02,1.324680659077134559e-01,1.171930964411625614e-01,1.754503763106559089e-01,6.304324892502691235e-02,2.983639724412422839e-02,4.203268168990365039e-02,6.338717470186268355e-02,-1.534868357794891974e-02,1.062341510957666435e-01,7.740018546770295604e-02,6.237911683338376312e-02,-1.458349345941888087e-02,8.413307539067456375e-02,-2.408008965722842343e-02,1.120315077752820632e-01,1.046799258620451090e-01,1.154426388381512014e-01,1.109965168430980115e-01,5.055105542027081567e-02,1.385855348999285308e-01,5.524696716464419510e-02,1.065355897146390805e-02,4.115508735591225098e-02
-7.241978358423048490e-02,-1.287197377434060042e-03,-1.014399152773077240e-01,1.842066433717753637e-01,9.799504014146785680e-02,1.934956904273011091e-01,7.701338755699016492e-02,-6.285300916836294993e-02,8.131094296877429406e-02,1.378112594479175279e-01,-3.013841210654100156e-02,-6.799077236317729866e-02,-1.247496306520246567e-01,1.814680127354296457e-01,-9.705688893404121331e-02,-7.683832875349114189e-02,-1.040697524045438999e-01,-7.566286179163045356e-02,-1.556644197779307737e-01,-1.675875673411604191e-02,-9.881160250324160649e-03,3.516705019180951797e-02,5.215281679945277249e-02,-3.683467332687570539e-02,-1.553889612452071245e-01,-3.245562434558214165e-02,8.391542088712360126e-02,-2.730930177738826597e-02,1.058620675799127192e-01,-5.498236310280145422e-02
-7.984511317835857325e-02,-4.427556930962465997e-03,1.568742650601089306e-01,2.089156734917412273e-01,3.928896975591497642e-02,-2.035861362139432945e-02,-8.022784806926743992e-03,-1.387895504354728360e-01,2.032699105285454555e-01,1.937094225769635802e-01,3.008715625404680474e-02,-9.863318876707628802e-02,-9.003753696146693519e-02,2.504645158261241678e-01,-1.204757826625179190e-01,-1.503529907740691896e-01,-1.461309130980257276e-01,-1.297241696972525893e-01,-1.388105174849775802e-01,-4.180005006079734464e-02,1.772455156662832709e-01,8.949459907809811932e-02,-5.492512110493436017e-02,-1.793830065699421050e-01,-6.896372684047560875e-02,1.270845365512183467e-01,1.340275742887768184e-01,-1.179161452869322280e-01,3.382818855059820801e-02,-1.059521363184931508e-01
-8.720379575605048672e-02,9.326577412047223903e-02,4.114637529831601803e-01,1.770356348744200059e-01,1.537029704018338383e-01,3.300915554650580286e-01,2.681400810908948773e-01,9.660047525521722744e-02,4.857002939921149787e-02,1.926942849066513586e-01,1.690693799227580285e-01,1.085530095275097362e-01,1.340288294274420977e-01,1.780065012047011286e-01,6.395592036714078943e-02,4.774371876118727043e-02,1.012224944497886886e-01,8.791765655135173885e-02,-3.298239867287893617e-02,2.872175611494379166e-01,1.138393660341094765e-01,1.293009682469577204e-01,2.031864584980588029e-01,1.565275363872791758e-01,5.763461657238901081e-02,6.809058157894801178e-02,6.894521505840070508e-02,1.848429430684373487e-01,3.457178814354752716e-01,6.106318236395845422e-02
-1.256010551271484130e-02,2.137775011703577921e-01,-2.069831269735066676e-02,2.676261994946692035e-01,-2.245346656229710650e-02,-1.111794980918192656e-02,-4.112955727253431171e-02,-2.083533542626180707e-02,7.642250506305828250e-02,5.193083137710003960e-01,-4.312767553843015189e-02,-1.465999918671042658e-02,-5.882713042225162087e-02,2.240041591327572301e-01,1.351675230581196596e-01,8.772559736887480808e-02,5.530291250259375402e-02,-1.077596091955571739e-02,-4.617018395866755859e-02,-1.947474301794253904e-05,-7.745469632468937604e-02,3.436601113159298282e-01,8.849757671372456003e-02,-1.093056426398829190e-01,4.300930792701472549e-02,2.504739546477872947e-02,8.427636068483818077e-03,1.025571146746349221e-01,2.239420467501797296e-02,-1.167662755129133950e-01
-4.084532905204835834e-02,2.138734712151520723e-01,4.547366997762077034e-02,-9.084946918171153685e-02,-8.150929233745690672e-02,4.940336842222578517e-02,1.625441377249636776e-01,5.645577055961855523e-02,-1.403992385799683329e-01,2.255865911106909316e-01,4.293328159962792739e-02,-9.834981515829906151e-02,-1.108071087211387057e-01,-2.005156711328249380e-02,-2.114483033507754892e-02,-1.701549853400441681e-01,-1.818712564849087054e-01,-9.281395751966031726e-02,-1.429634708176352187e-01,3.267240598170185334e-02,-1.449219408697320355e-01,-1.934391744789922679e-02,8.485932252191823177e-02,-9.305419734439904222e-02,1.008762032123868418e-01,-1.667347175849549501e-01,-4.981508947832989642e-02,-1.138075085962437227e-01,-3.794617969179783085e-02,-1.668409096283317572e-01
-2.248405079827245009e-02,2.332261402726837074e-01,2.640197176859813283e-02,1.813102244569017307e-01,5.711756052922195570e-02,1.000015880250609279e-01,2.362902320276782930e-02,5.815729173473492553e-02,-2.532405643385004373e-02,5.620925265468078580e-01,3.726845026123877525e-02,-8.549668747231421728e-02,-1.166187549426821457e-01,1.182725432452556430e-01,6.070825817443612632e-02,-7.873151943293189847e-02,-8.810443241378490553e-02,-1.155169115735407703e-01,-1.635016004675362844e-01,-5.045089481207800514e-02,-1.313077320572768603e-01,2.056759987224963115e-01,8.352473913769656311e-02,-2.129154604234196058e-01,8.122310155950830668e-02,-7.051885273029415147e-02,1.598993806000475505e-03,-2.044650083139344654e-03,-7.312913670495438563e-03,-1.918651990555649833e-01
-3.499194238554194369e-02,1.934587013419518386e-01,-3.146644947203012382e-02,1.525034267231046570e-01,-6.960830199280493291e-02,-7.601213701524370606e-03,-2.696714237743743151e-02,1.592817186193098283e-02,2.991177279597711028e-02,4.282024307310595690e-01,4.506221473210353379e-02,-2.041278033540690207e-02,-1.286205123698717229e-02,1.125697545769520080e-01,9.028705167072118010e-02,1.107288871086643950e-01,5.153410203543735447e-03,-1.116548287519631560e-02,-3.998047356670101499e-02,-3.499052282300232908e-02,-7.261515671504156777e-02,2.425954117658644382e-01,8.239402714185786736e-02,-1.671217347222680172e-01,5.624069838815852485e-02,8.187893058430768811e-03,-2.117132617544176254e-03,9.454628469357938270e-02,-1.727652473295063912e-02,-1.061902572604324357e-01
